input_text,target_summary
"User: Hi, can you tell me about Python?\nAI: Sure! Python is a popular programming language known for its readability.\nUser: What can I use it for?\nAI: You can use Python for web development, data analysis, AI, and more.","The user asked mainly about Python and its uses."
"User: What is climate change?\nAI: Climate change refers to long-term shifts in temperatures and weather patterns, mostly caused by human activities.","The user asked about climate change and its causes."
"User: Can you help me with a math problem?\nAI: Of course! Please tell me what the problem is.","The user requested help with a math problem."
"User: Tell me something about dinosaurs.\nAI: Dinosaurs were a group of reptiles that lived millions of years ago. Many of them went extinct during a mass extinction event.","The user asked about dinosaurs and their extinction."
"User: What is Java used for?\nAI: Java is used for building mobile apps, web applications, and enterprise software.","The user inquired about Java and its applications."
"User: Can you recommend a good movie?\nAI: Sure! What genre are you interested in?","The user asked for a movie recommendation."
"User: What is machine learning?\nAI: Machine learning is a subset of AI that allows systems to learn and improve from experience without being explicitly programmed.","The user asked about machine learning and its definition."
"User: How do I boil an egg?\nAI: Place the egg in a pot, cover with water, bring to a boil, then simmer for 9-12 minutes depending on your preference.","The user asked how to boil an egg."
"User: Why do we sleep?\nAI: Sleep helps our bodies recover, supports brain function, and plays a vital role in overall health.","The user asked why sleep is important."
"User: Who is Elon Musk?\nAI: Elon Musk is a technology entrepreneur known for founding SpaceX, Tesla, and co-founding OpenAI.","The user wanted to know about Elon Musk."
"User: What is the capital of France?\nAI: The capital of France is Paris.","The user asked about the capital of France."
"User: How do I learn programming?\nAI: Start with a beginner-friendly language like Python, and follow tutorials, build projects, and practice regularly.","The user asked how to start learning programming."
"User: Can you tell me about the Moon?\nAI: The Moon is Earth’s natural satellite and the fifth largest in the solar system. It affects tides on Earth and has been visited by astronauts.","The user asked about the Moon and its significance."
"User: What is photosynthesis?\nAI: Photosynthesis is the process by which green plants convert sunlight into energy using carbon dioxide and water.","The user asked for a definition of photosynthesis."
"User: How does the stock market work?\nAI: The stock market is a platform where investors buy and sell shares of companies. Prices fluctuate based on supply and demand.","The user asked how the stock market works."
"User: What are some good habits?\nAI: Good habits include regular exercise, eating healthy, sleeping well, and practicing gratitude.","The user asked about good habits to follow."
"User: What is AI?\nAI: AI, or Artificial Intelligence, refers to the simulation of human intelligence by machines.","The user wanted to know what AI is."
"User: How can I stay productive?\nAI: Set clear goals, take breaks, minimize distractions, and use tools like to-do lists to stay on track.","The user asked how to stay productive."
"User: What is gravity?\nAI: Gravity is a force that attracts objects toward each other. On Earth, it gives weight to physical objects.","The user asked what gravity is."
"User: Tell me about volcanoes.\nAI: Volcanoes are openings in Earth's crust where magma, gases, and ash can escape. Some are active, while others are dormant or extinct.","The user wanted to know about volcanoes."
"User: What is blockchain?\nAI: Blockchain is a decentralized digital ledger that records transactions across many computers securely.","The user asked about blockchain and its definition."
"User: How do I bake a cake?\nAI: Mix flour, sugar, eggs, and butter, then bake at 350°F for 25-30 minutes.","The user asked how to bake a cake."
"User: Who was Cleopatra?\nAI: Cleopatra was the last active ruler of the Ptolemaic Kingdom of Egypt, known for her political alliances.","The user asked about Cleopatra and her role."
"User: What is quantum physics?\nAI: Quantum physics studies the behavior of particles at atomic and subatomic levels.","The user asked about quantum physics."
"User: How do I improve my public speaking?\nAI: Practice regularly, maintain eye contact, and structure your speech clearly.","The user asked how to improve public speaking skills."
"User: What is the Internet?\nAI: The Internet is a global network of computers that allows data exchange and communication.","The user asked about the Internet and its function."
"User: How do I plant a garden?\nAI: Choose a sunny spot, prepare the soil, plant seeds or seedlings, and water regularly.","The user asked how to plant a garden."
"User: Who was Albert Einstein?\nAI: Albert Einstein was a physicist who developed the theory of relativity.","The user asked about Albert Einstein."
"User: What are black holes?\nAI: Black holes are regions in space where gravity is so strong that nothing, not even light, can escape.","The user asked about black holes."
"User: How do I make a budget?\nAI: List your income and expenses, prioritize needs, and track spending regularly.","The user asked how to create a budget."
"User: What is the Great Wall of China?\nAI: The Great Wall is a series of fortifications built to protect Chinese states, stretching over 21,000 km.","The user asked about the Great Wall of China."
"User: How do I meditate?\nAI: Find a quiet place, sit comfortably, focus on your breath, and let thoughts pass without judgment.","The user asked how to meditate."
"User: What is DNA?\nAI: DNA is a molecule that contains an organism’s unique genetic code.","The user asked about DNA and its role."
"User: What is the Renaissance?\nAI: The Renaissance was a cultural movement in Europe from the 14th to 17th centuries, marked by art and learning.","The user asked about the Renaissance."
"User: How do I fix a leaky faucet?\nAI: Turn off the water supply, replace the washer or cartridge, and reassemble the faucet.","The user asked how to fix a leaky faucet."
"User: What is the theory of evolution?\nAI: The theory of evolution explains how species change over time through natural selection.","The user asked about the theory of evolution."
"User: What is yoga?\nAI: Yoga is a practice combining physical poses, breathing techniques, and meditation for health and relaxation.","The user asked about yoga."
"User: How do I write a resume?\nAI: Include your contact info, work experience, education, and skills, tailored to the job you’re applying for.","The user asked how to write a resume."
"User: What is the Pacific Ocean?\nAI: The Pacific Ocean is the largest and deepest ocean, covering about one-third of Earth’s surface.","The user asked about the Pacific Ocean."
"User: How do I learn a new language?\nAI: Practice daily, use language apps, immerse yourself in the language, and speak with native speakers.","The user asked how to learn a new language."
"User: What is the Eiffel Tower?\nAI: The Eiffel Tower is a famous landmark in Paris, built for the 1889 World’s Fair.","The user asked about the Eiffel Tower."
"User: What is renewable energy?\nAI: Renewable energy comes from natural sources like wind, solar, and hydro that replenish naturally.","The user asked about renewable energy."
"User: How do I tie a tie?\nAI: Use a simple knot like the Four-in-Hand: loop, cross, and pull through to tighten.","The user asked how to tie a tie."
"User: What is the human brain?\nAI: The human brain is the organ that controls thought, memory, emotion, and bodily functions.","The user asked about the human brain."
"User: How do I start a blog?\nAI: Choose a platform, pick a niche, create content, and promote it on social media.","The user asked how to start a blog."
"User: What is the Pyramids of Giza?\nAI: The Pyramids of Giza are ancient structures in Egypt, built as tombs for pharaohs around 2600 BCE.","The user asked about the Pyramids of Giza."
"User: How do I improve my photography?\nAI: Learn composition, practice with lighting, and experiment with different angles.","The user asked how to improve photography skills."
"User: What is the solar system?\nAI: The solar system includes the Sun and eight planets, along with moons, asteroids, and comets.","The user asked about the solar system."
"User: How do I make coffee?\nAI: Grind coffee beans, add to a filter, pour hot water, and brew for 3-5 minutes.","The user asked how to make coffee."
"User: What is democracy?\nAI: Democracy is a system of government where citizens have the power to vote and make decisions.","The user asked about democracy."
"User: What is virtual reality?\nAI: Virtual reality is a technology that creates immersive digital environments using headsets.","The user asked about virtual reality and its definition."
"User: How do I make sushi?\nAI: Prepare sticky rice, add fillings like fish or avocado, roll tightly, and slice into pieces.","The user asked how to make sushi."
"User: Who was Leonardo da Vinci?\nAI: Leonardo da Vinci was a Renaissance artist and inventor, known for the Mona Lisa.","The user asked about Leonardo da Vinci."
"User: What is a supernova?\nAI: A supernova is a massive explosion that occurs when a star reaches the end of its life cycle.","The user asked about supernovae."
"User: How do I organize my desk?\nAI: Declutter, use organizers for supplies, and keep only essentials within reach.","The user asked how to organize a desk."
"User: What is a database?\nAI: A database is an organized collection of data, typically stored and accessed electronically.","The user asked about databases."
"User: How do I care for a pet dog?\nAI: Feed it balanced meals, provide exercise, and schedule regular vet visits.","The user asked how to care for a pet dog."
"User: What was the Industrial Revolution?\nAI: The Industrial Revolution was a period of rapid industrialization in the 18th and 19th centuries.","The user asked about the Industrial Revolution."
"User: What is an ecosystem?\nAI: An ecosystem is a community of living organisms interacting with their environment.","The user asked about ecosystems."
"User: How do I improve my typing speed?\nAI: Practice with typing games, maintain proper posture, and use all fingers.","The user asked how to improve typing speed."
"User: What is the Taj Mahal?\nAI: The Taj Mahal is a mausoleum in India, built by Emperor Shah Jahan for his wife Mumtaz.","The user asked about the Taj Mahal."
"User: How do I make a smoothie?\nAI: Blend fruit, yogurt, and a liquid like milk or juice until smooth.","The user asked how to make a smoothie."
"User: What is cybersecurity?\nAI: Cybersecurity protects systems and data from digital attacks and unauthorized access.","The user asked about cybersecurity."
"User: Who was Marie Curie?\nAI: Marie Curie was a scientist who pioneered research on radioactivity and won two Nobel Prizes.","The user asked about Marie Curie."
"User: What is a glacier?\nAI: A glacier is a large, slow-moving mass of ice formed from compacted snow.","The user asked about glaciers."
"User: How do I start running?\nAI: Begin with short runs, wear proper shoes, and gradually increase distance.","The user asked how to start running."
"User: What is the Colosseum?\nAI: The Colosseum is an ancient Roman amphitheater in Rome, used for gladiator contests.","The user asked about the Colosseum."
"User: How do I make bread?\nAI: Mix flour, water, yeast, and salt, knead, let rise, and bake at 400°F.","The user asked how to make bread."
"User: What is a neural network?\nAI: A neural network is a computational model inspired by the human brain, used in AI.","The user asked about neural networks."
"User: What is the French Revolution?\nAI: The French Revolution was a period of radical social and political change in France from 1789 to 1799.","The user asked about the French Revolution."
"User: How do I care for indoor plants?\nAI: Water regularly, provide adequate light, and repot when needed.","The user asked how to care for indoor plants."
"User: What is a comet?\nAI: A comet is a celestial body made of ice and dust that orbits the Sun.","The user asked about comets."
"User: How do I sew a button?\nAI: Thread a needle, knot the end, and stitch through the button holes to secure it.","The user asked how to sew a button."
"User: What is the Mona Lisa?\nAI: The Mona Lisa is a famous painting by Leonardo da Vinci, housed in the Louvre.","The user asked about the Mona Lisa."
"User: What is biochemistry?\nAI: Biochemistry studies the chemical processes within living organisms.","The user asked about biochemistry."
"User: How do I plan a trip?\nAI: Choose a destination, book flights and lodging, and create an itinerary.","The user asked how to plan a trip."
"User: What is the Silk Road?\nAI: The Silk Road was an ancient trade route connecting Asia and Europe.","The user asked about the Silk Road."
"User: How do I make scrambled eggs?\nAI: Whisk eggs, pour into a heated pan, and stir until cooked.","The user asked how to make scrambled eggs."
"User: What is a VPN?\nAI: A VPN, or Virtual Private Network, encrypts your internet connection for privacy.","The user asked about VPNs."
"User: Who was Nelson Mandela?\nAI: Nelson Mandela was a South African leader who fought against apartheid and became president.","The user asked about Nelson Mandela."
"User: What is a coral reef?\nAI: A coral reef is an underwater ecosystem built by calcium carbonate from tiny marine animals.","The user asked about coral reefs."
"User: How do I stretch before exercise?\nAI: Perform dynamic stretches like leg swings and arm circles for 5-10 minutes.","The user asked how to stretch before exercise."
"User: What is the Leaning Tower of Pisa?\nAI: The Leaning Tower of Pisa is a bell tower in Italy, famous for its unintended tilt.","The user asked about the Leaning Tower of Pisa."
"User: How do I make a paper airplane?\nAI: Fold a paper in half, create wings, and adjust for balance.","The user asked how to make a paper airplane."
"User: What is data science?\nAI: Data science uses statistics and programming to analyze and interpret complex data.","The user asked about data science."
"User: What is the Cold War?\nAI: The Cold War was a period of geopolitical tension between the US and Soviet Union after WWII.","The user asked about the Cold War."
"User: How do I clean a laptop screen?\nAI: Use a microfiber cloth and a screen-safe cleaner, wiping gently.","The user asked how to clean a laptop screen."
"User: What is a pulsar?\nAI: A pulsar is a highly magnetized, rotating neutron star that emits beams of radiation.","The user asked about pulsars."
"User: How do I make a to-do list?\nAI: Write tasks in order of priority, keep it short, and review daily.","The user asked how to make a to-do list."
"User: What is the Parthenon?\nAI: The Parthenon is an ancient Greek temple in Athens, dedicated to Athena.","The user asked about the Parthenon."
"User: How do I roast vegetables?\nAI: Toss vegetables in oil, season, and bake at 425°F for 20-30 minutes.","The user asked how to roast vegetables."
"User: What is augmented reality?\nAI: Augmented reality overlays digital information onto the real world through devices.","The user asked about augmented reality."
"User: Who was Joan of Arc?\nAI: Joan of Arc was a French heroine who led military campaigns during the Hundred Years’ War.","The user asked about Joan of Arc."
"User: What is a biome?\nAI: A biome is a large ecological area with distinct climate, plants, and animals.","The user asked about biomes."
"User: How do I tie a scarf?\nAI: Drape the scarf around your neck and loop or knot it for style.","The user asked how to tie a scarf."
"User: What is the Statue of Liberty?\nAI: The Statue of Liberty is a symbol of freedom in New York, gifted by France in 1886.","The user asked about the Statue of Liberty."
"User: How do I make lemonade?\nAI: Mix lemon juice, water, and sugar, then chill and serve.","The user asked how to make lemonade."
"User: What is robotics?\nAI: Robotics involves designing and building machines that perform tasks autonomously.","The user asked about robotics."
"User: What is the Great Barrier Reef?\nAI: The Great Barrier Reef is the world’s largest coral reef system, located off Australia.","The user asked about the Great Barrier Reef."
"User: How do I practice mindfulness?\nAI: Focus on the present moment, breathe deeply, and observe thoughts without judgment.","The user asked how to practice mindfulness."
"User: What is 3D printing?\nAI: 3D printing is a process of creating objects by layering material based on digital designs.","The user asked about 3D printing and its process."
"User: How do I knit a scarf?\nAI: Use knitting needles, cast on stitches, and knit rows until the scarf reaches your desired length.","The user asked how to knit a scarf."
"User: Who was Alexander the Great?\nAI: Alexander the Great was a Macedonian king who created a vast empire in the 4th century BCE.","The user asked about Alexander the Great."
"User: What is the greenhouse effect?\nAI: The greenhouse effect is the trapping of heat by gases in Earth’s atmosphere, warming the planet.","The user asked about the greenhouse effect."
"User: How do I set a table?\nAI: Place plates in the center, forks on the left, knives and spoons on the right, and napkins under or beside.","The user asked how to set a table."
"User: What is a microchip?\nAI: A microchip is a tiny electronic circuit that processes or stores data in devices.","The user asked about microchips."
"User: How do I grow herbs indoors?\nAI: Use pots with drainage, place in a sunny spot, and water sparingly.","The user asked how to grow herbs indoors."
"User: What was the Roman Empire?\nAI: The Roman Empire was a powerful civilization that ruled much of Europe, Africa, and Asia for centuries.","The user asked about the Roman Empire."
"User: What is an atom?\nAI: An atom is the smallest unit of matter, consisting of a nucleus and electrons.","The user asked about atoms."
"User: How do I improve my memory?\nAI: Practice recall exercises, stay organized, and get enough sleep.","The user asked how to improve memory."
"User: What is Machu Picchu?\nAI: Machu Picchu is an ancient Incan city in Peru, known for its mountaintop ruins.","The user asked about Machu Picchu."
"User: How do I make a salad dressing?\nAI: Mix olive oil, vinegar, mustard, and seasonings to taste.","The user asked how to make a salad dressing."
"User: What is cryptocurrency?\nAI: Cryptocurrency is a digital currency secured by cryptography, like Bitcoin.","The user asked about cryptocurrency."
"User: Who was Frida Kahlo?\nAI: Frida Kahlo was a Mexican artist known for her vibrant self-portraits.","The user asked about Frida Kahlo."
"User: What is a tsunami?\nAI: A tsunami is a series of large ocean waves caused by underwater earthquakes or volcanic eruptions.","The user asked about tsunamis."
"User: How do I start journaling?\nAI: Choose a notebook, write daily thoughts, and reflect on your experiences.","The user asked how to start journaling."
"User: What is the Grand Canyon?\nAI: The Grand Canyon is a massive natural gorge in Arizona, carved by the Colorado River.","The user asked about the Grand Canyon."
"User: How do I bake cookies?\nAI: Mix flour, sugar, butter, and eggs, shape into balls, and bake at 375°F for 10-12 minutes.","The user asked how to bake cookies."
"User: What is cloud computing?\nAI: Cloud computing delivers computing services like storage and processing over the internet.","The user asked about cloud computing."
"User: What was the American Revolution?\nAI: The American Revolution was a war from 1775 to 1783 that led to U.S. independence from Britain.","The user asked about the American Revolution."
"User: How do I declutter my home?\nAI: Sort items, keep only essentials, and donate or discard the rest.","The user asked how to declutter a home."
"User: What is a neuron?\nAI: A neuron is a cell in the nervous system that transmits signals.","The user asked about neurons."
"User: How do I make a candle?\nAI: Melt wax, add a wick to a container, pour the wax, and let it cool.","The user asked how to make a candle."
"User: What is the Acropolis?\nAI: The Acropolis is an ancient citadel in Athens, home to the Parthenon.","The user asked about the Acropolis."
"User: What is thermodynamics?\nAI: Thermodynamics is the study of heat, energy, and work in physical systems.","The user asked about thermodynamics."
"User: How do I plan a workout routine?\nAI: Set goals, include cardio and strength exercises, and schedule rest days.","The user asked how to plan a workout routine."
"User: What is the Berlin Wall?\nAI: The Berlin Wall was a barrier dividing East and West Berlin from 1961 to 1989.","The user asked about the Berlin Wall."
"User: How do I make a pizza?\nAI: Spread dough with sauce, add cheese and toppings, and bake at 450°F for 10-15 minutes.","The user asked how to make a pizza."
"User: What is a firewall?\nAI: A firewall is a security system that controls network traffic based on rules.","The user asked about firewalls."
"User: Who was William Shakespeare?\nAI: William Shakespeare was an English playwright known for works like Hamlet and Romeo and Juliet.","The user asked about William Shakespeare."
"User: What is a hurricane?\nAI: A hurricane is a powerful tropical storm with strong winds and heavy rain.","The user asked about hurricanes."
"User: How do I practice gratitude?\nAI: Write down things you’re thankful for daily and reflect on positive moments.","The user asked how to practice gratitude."
"User: What is the Niagara Falls?\nAI: Niagara Falls is a group of three waterfalls on the U.S.-Canada border, known for their size.","The user asked about Niagara Falls."
"User: How do I make a friendship bracelet?\nAI: Braid or knot colorful threads in patterns and tie to secure.","The user asked how to make a friendship bracelet."
"User: What is quantum computing?\nAI: Quantum computing uses quantum mechanics to perform complex computations faster than traditional computers.","The user asked about quantum computing."
"User: What was the Civil Rights Movement?\nAI: The Civil Rights Movement was a 1950s-1960s struggle for racial equality in the U.S.","The user asked about the Civil Rights Movement."
"User: How do I clean a microwave?\nAI: Heat a bowl of water with vinegar, then wipe down the interior.","The user asked how to clean a microwave."
"User: What is a galaxy?\nAI: A galaxy is a massive system of stars, gas, and dust bound by gravity.","The user asked about galaxies."
"User: How do I create a study schedule?\nAI: List subjects, allocate time slots, and include breaks to stay focused.","The user asked how to create a study schedule."
"User: What is the Louvre?\nAI: The Louvre is a world-famous art museum in Paris, housing the Mona Lisa.","The user asked about the Louvre."
"User: How do I grill a steak?\nAI: Season the steak, preheat the grill, and cook 4-5 minutes per side for medium-rare.","The user asked how to grill a steak."
"User: What is machine vision?\nAI: Machine vision enables computers to interpret visual data from images or videos.","The user asked about machine vision."
"User: Who was Rosa Parks?\nAI: Rosa Parks was a civil rights activist known for sparking the Montgomery Bus Boycott.","The user asked about Rosa Parks."
"User: What is an aquifer?\nAI: An aquifer is an underground layer of water-bearing rock or sediment.","The user asked about aquifers."
"User: How do I paint a room?\nAI: Prep walls, apply primer, and use a roller for even coats of paint.","The user asked how to paint a room."
"User: What is the Great Sphinx?\nAI: The Great Sphinx is a limestone statue in Egypt with a lion’s body and human head.","The user asked about the Great Sphinx."
"User: How do I make iced tea?\nAI: Brew tea, cool it, add ice, and sweeten to taste.","The user asked how to make iced tea."
"User: What is an API?\nAI: An API is a set of rules allowing different software applications to communicate.","The user asked about APIs."
"User: What was the Renaissance?\nAI: The Renaissance was a cultural revival in Europe from the 14th to 17th centuries.","The user asked about the Renaissance."
"User: How do I organize my closet?\nAI: Sort clothes, use hangers and bins, and group by category.","The user asked how to organize a closet."
"User: What is a vaccine?\nAI: A vaccine is a substance that stimulates immunity to protect against diseases.","The user asked about vaccines."
"User: How do I make a vision board?\nAI: Collect images and words that inspire you, and arrange them on a poster.","The user asked how to make a vision board."
"User: What is the Kremlin?\nAI: The Kremlin is a fortified complex in Moscow, serving as Russia’s government seat.","The user asked about the Kremlin."
"User: How do I cook rice?\nAI: Rinse rice, add water in a 1:2 ratio, and simmer until absorbed.","The user asked how to cook rice."
"User: What is blockchain technology?\nAI: Blockchain technology is a decentralized system for securely recording transactions.","The user asked about blockchain technology."
"User: Who was Martin Luther King Jr.?\nAI: Martin Luther King Jr. was a U.S. civil rights leader known for his nonviolent activism.","The user asked about Martin Luther King Jr."
"User: What is a monsoon?\nAI: A monsoon is a seasonal wind shift that brings heavy rainfall to certain regions.","The user asked about monsoons."
"User: How do I improve my posture?\nAI: Sit up straight, strengthen core muscles, and avoid slouching.","The user asked how to improve posture."
"User: What is the Panama Canal?\nAI: The Panama Canal is a 50-mile waterway connecting the Atlantic and Pacific Oceans.","The user asked about the Panama Canal."
"User: How do I make a milkshake?\nAI: Blend ice cream, milk, and flavorings until smooth.","The user asked how to make a milkshake."
"User: What is edge computing?\nAI: Edge computing processes data near its source to reduce latency.","The user asked about edge computing."
"User: What was the Space Race?\nAI: The Space Race was a 20th-century competition between the U.S. and Soviet Union for space exploration.","The user asked about the Space Race."
"User: How do I wash delicate clothes?\nAI: Use cold water, a gentle cycle, and air-dry to prevent damage.","The user asked how to wash delicate clothes."
"User: What is a chromosome?\nAI: A chromosome is a structure in cells that carries genetic information.","The user asked about chromosomes."
"User: How do I make a playlist?\nAI: Choose songs, add them to a music app, and arrange in your preferred order.","The user asked how to make a playlist."
"User: What is the Stonehenge?\nAI: Stonehenge is a prehistoric monument in England, made of large standing stones.","The user asked about Stonehenge."
"User: How do I make soup?\nAI: Sauté vegetables, add broth and ingredients, and simmer until flavors meld.","The user asked how to make soup."
"User: What is DevOps?\nAI: DevOps is a set of practices combining development and IT operations for faster software delivery.","The user asked about DevOps."
"User: Who was Cleopatra?\nAI: Cleopatra was the last pharaoh of Egypt, known for her political alliances.","The user asked about Cleopatra."
"User: What is a tornado?\nAI: A tornado is a rapidly rotating column of air that causes destructive winds.","The user asked about tornadoes."
"User: How do I improve my handwriting?\nAI: Practice letter shapes, use lined paper, and write slowly.","The user asked how to improve handwriting."
"User: What is the Sahara Desert?\nAI: The Sahara Desert is the largest hot desert, spanning North Africa.","The user asked about the Sahara Desert."
"User: How do I make pancakes?\nAI: Mix flour, eggs, milk, and sugar, then cook spoonfuls on a hot griddle.","The user asked how to make pancakes."
"User: What is a smart contract?\nAI: A smart contract is a self-executing program on a blockchain that automates agreements.","The user asked about smart contracts."
"User: What was the Middle Ages?\nAI: The Middle Ages was a period in Europe from the 5th to 15th centuries, marked by feudalism.","The user asked about the Middle Ages."
"User: How do I clean a carpet?\nAI: Vacuum thoroughly, spot-treat stains, and use a carpet cleaner.","The user asked how to clean a carpet."
"User: What is a protein?\nAI: A protein is a molecule essential for building and repairing tissues in the body.","The user asked about proteins."
"User: How do I make a scrapbook?\nAI: Gather photos and mementos, arrange on pages, and decorate with stickers.","The user asked how to make a scrapbook."
"User: What is the Burj Khalifa?\nAI: The Burj Khalifa is the tallest building in the world, located in Dubai.","The user asked about the Burj Khalifa."
"User: How do I brew tea?\nAI: Steep tea leaves or a tea bag in hot water for 3-5 minutes.","The user asked how to brew tea."
"User: What is big data?\nAI: Big data refers to large, complex datasets analyzed to reveal patterns and trends.","The user asked about big data."
"User: Who was Abraham Lincoln?\nAI: Abraham Lincoln was the 16th U.S. president, known for abolishing slavery.","The user asked about Abraham Lincoln."
"User: What is an earthquake?\nAI: An earthquake is a sudden shaking of the ground caused by tectonic plate movements.","The user asked about earthquakes."
"User: How do I manage stress?\nAI: Practice deep breathing, exercise, and prioritize tasks to stay calm.","The user asked how to manage stress."
"User: What is the Mount Everest?\nAI: Mount Everest is the highest mountain in the world, located in the Himalayas.","The user asked about Mount Everest."
"User: How do I make a fruit salad?\nAI: Chop various fruits, mix in a bowl, and add a squeeze of lemon juice.","The user asked how to make a fruit salad."
"User: What is a container in software?\nAI: A container is a lightweight, portable unit for running applications with their dependencies.","The user asked about software containers."
"User: What was the Age of Exploration?\nAI: The Age of Exploration was a period from the 15th to 17th centuries when Europeans explored new lands.","The user asked about the Age of Exploration."
"User: How do I polish shoes?\nAI: Apply polish, buff with a cloth, and shine with a brush.","The user asked how to polish shoes."
"User: What is a hormone?\nAI: A hormone is a chemical messenger that regulates bodily functions.","The user asked about hormones."
"User: How do I create a budget?\nAI: Track income and expenses, prioritize savings, and review monthly.","The user asked how to create a budget."
"User: What is the Sydney Opera House?\nAI: The Sydney Opera House is an iconic performing arts center in Australia.","The user asked about the Sydney Opera House."
"User: How do I make guacamole?\nAI: Mash avocados, mix with lime, onion, and cilantro, and season to taste.","The user asked how to make guacamole."
"User: What is serverless computing?\nAI: Serverless computing allows developers to run code without managing servers.","The user asked about serverless computing."
"User: Who was Queen Elizabeth I?\nAI: Queen Elizabeth I was an English monarch who ruled during the 16th century, known for her long reign.","The user asked about Queen Elizabeth I."
"User: What is a volcano?\nAI: A volcano is a mountain that erupts molten rock, ash, and gases from Earth’s crust.","The user asked about volcanoes."
"User: How do I improve my listening skills?\nAI: Focus on the speaker, avoid interrupting, and ask clarifying questions.","The user asked how to improve listening skills."
"User: What is the Amazon River?\nAI: The Amazon River is the second-longest river in the world, flowing through South America.","The user asked about the Amazon River."
"User: What is CI/CD?\nAI: CI/CD is a set of practices for automating software building, testing, and deployment.","The user asked about CI/CD and its purpose."
"User: How do I propagate a plant?\nAI: Take a cutting, place it in water or soil, and ensure it gets light and moisture.","The user asked how to propagate a plant."
"User: Who was Hypatia?\nAI: Hypatia was a Greek mathematician and philosopher in ancient Alexandria.","The user asked about Hypatia."
"User: What is plate tectonics?\nAI: Plate tectonics is the theory explaining the movement of Earth’s lithospheric plates.","The user asked about plate tectonics."
"User: How do I practice deep breathing?\nAI: Inhale slowly through your nose, hold briefly, and exhale through your mouth.","The user asked how to practice deep breathing."
"User: What is a graph database?\nAI: A graph database stores data as nodes and edges, ideal for relationships like social networks.","The user asked about graph databases."
"User: How do I make a dreamcatcher?\nAI: Weave a web with thread on a hoop, add feathers and beads for decoration.","The user asked how to make a dreamcatcher."
"User: What was the Byzantine Empire?\nAI: The Byzantine Empire was the eastern continuation of the Roman Empire, lasting until 1453.","The user asked about the Byzantine Empire."
"User: What is a synapse?\nAI: A synapse is the junction where neurons communicate via chemical signals.","The user asked about synapses."
"User: How do I start birdwatching?\nAI: Get binoculars, a field guide, and visit local parks to observe birds.","The user asked how to start birdwatching."
"User: What is the Serengeti?\nAI: The Serengeti is a vast ecosystem in Tanzania, known for its wildlife and migrations.","The user asked about the Serengeti."
"User: How do I make hummus?\nAI: Blend chickpeas, tahini, lemon juice, and garlic until smooth.","The user asked how to make hummus."
"User: What is Kubernetes?\nAI: Kubernetes is a platform for automating containerized application deployment and scaling.","The user asked about Kubernetes."
"User: Who was Mansa Musa?\nAI: Mansa Musa was a 14th-century Mali emperor, known for his wealth and pilgrimage to Mecca.","The user asked about Mansa Musa."
"User: What is a quasar?\nAI: A quasar is a highly luminous object powered by a supermassive black hole.","The user asked about quasars."
"User: How do I improve my time management?\nAI: Prioritize tasks, use a planner, and set specific deadlines.","The user asked how to improve time management."
"User: What is the Chichen Itza?\nAI: Chichen Itza is a Mayan archaeological site in Mexico, famous for its pyramid.","The user asked about Chichen Itza."
"User: How do I make a quiche?\nAI: Mix eggs, cream, and fillings, pour into a pie crust, and bake at 375°F.","The user asked how to make a quiche."
"User: What is a hash table?\nAI: A hash table is a data structure that maps keys to values for fast lookup.","The user asked about hash tables."
"User: What was the Viking Age?\nAI: The Viking Age was a period from the 8th to 11th centuries marked by Norse exploration.","The user asked about the Viking Age."
"User: How do I care for a goldfish?\nAI: Keep the tank clean, feed sparingly, and maintain stable water conditions.","The user asked how to care for a goldfish."
"User: What is osmosis?\nAI: Osmosis is the movement of water across a semi-permeable membrane.","The user asked about osmosis."
"User: How do I make origami?\nAI: Fold paper precisely following patterns to create shapes like cranes or boxes.","The user asked how to make origami."
"User: What is the Hagia Sophia?\nAI: The Hagia Sophia is a historic architectural marvel in Istanbul, originally a cathedral.","The user asked about the Hagia Sophia."
"User: What is dark matter?\nAI: Dark matter is an invisible substance influencing gravity in the universe.","The user asked about dark matter."
"User: How do I start a podcast?\nAI: Choose a topic, record episodes, and publish on platforms like Spotify.","The user asked how to start a podcast."
"User: What is the Han Dynasty?\nAI: The Han Dynasty was a Chinese empire from 206 BCE to 220 CE, known for its culture.","The user asked about the Han Dynasty."
"User: How do I make a stir-fry?\nAI: Sauté vegetables and protein in a hot pan with oil and sauce.","The user asked how to make a stir-fry."
"User: What is a load balancer?\nAI: A load balancer distributes network traffic across servers for efficiency.","The user asked about load balancers."
"User: Who was Sojourner Truth?\nAI: Sojourner Truth was an abolitionist and women’s rights advocate in the 19th century.","The user asked about Sojourner Truth."
"User: What is a geyser?\nAI: A geyser is a hot spring that erupts water and steam periodically.","The user asked about geysers."
"User: How do I improve my focus?\nAI: Eliminate distractions, set clear goals, and take regular breaks.","The user asked how to improve focus."
"User: What is the Angkor Wat?\nAI: Angkor Wat is a massive temple complex in Cambodia, built in the 12th century.","The user asked about Angkor Wat."
"User: How do I make a smoothie bowl?\nAI: Blend fruit and yogurt, pour into a bowl, and top with granola and nuts.","The user asked how to make a smoothie bowl."
"User: What is Git?\nAI: Git is a version control system for tracking code changes collaboratively.","The user asked about Git."
"User: What was the Inca Empire?\nAI: The Inca Empire was a South American civilization known for its architecture and roads.","The user asked about the Inca Empire."
"User: How do I clean a cast iron skillet?\nAI: Scrub with salt, rinse, dry thoroughly, and apply a thin layer of oil.","The user asked how to clean a cast iron skillet."
"User: What is a photon?\nAI: A photon is a particle of light carrying energy.","The user asked about photons."
"User: How do I make a flower arrangement?\nAI: Choose flowers, trim stems, and arrange in a vase with water.","The user asked how to make a flower arrangement."
"User: What is the Petra?\nAI: Petra is an ancient city in Jordan, famous for its rock-cut architecture.","The user asked about Petra."
"User: How do I make granola?\nAI: Mix oats, nuts, and honey, then bake until golden.","The user asked how to make granola."
"User: What is a message queue?\nAI: A message queue is a system for asynchronous communication between services.","The user asked about message queues."
"User: Who was Ibn Battuta?\nAI: Ibn Battuta was a 14th-century Moroccan explorer who traveled extensively.","The user asked about Ibn Battuta."
"User: What is a biome?\nAI: A biome is a large ecological area with distinct climate and organisms.","The user asked about biomes."
"User: How do I practice yoga at home?\nAI: Follow online videos, use a mat, and start with basic poses.","The user asked how to practice yoga at home."
"User: What is the Yellowstone National Park?\nAI: Yellowstone is a U.S. national park known for its geysers and wildlife.","The user asked about Yellowstone National Park."
"User: How do I make a quesadilla?\nAI: Layer cheese and fillings on a tortilla, cook until crispy, and slice.","The user asked how to make a quesadilla."
"User: What is Terraform?\nAI: Terraform is a tool for automating infrastructure setup using code.","The user asked about Terraform."
"User: What was the Meiji Restoration?\nAI: The Meiji Restoration was a 19th-century event that modernized Japan.","The user asked about the Meiji Restoration."
"User: How do I care for leather shoes?\nAI: Clean with a damp cloth, apply polish, and store properly.","The user asked how to care for leather shoes."
"User: What is an enzyme?\nAI: An enzyme is a protein that speeds up chemical reactions in the body.","The user asked about enzymes."
"User: How do I make a photo collage?\nAI: Gather images, arrange on a canvas, and use software to finalize.","The user asked how to make a photo collage."
"User: What is the Alhambra?\nAI: The Alhambra is a palace and fortress in Spain, known for its Islamic architecture.","The user asked about the Alhambra."
"User: How do I make a frittata?\nAI: Whisk eggs, add vegetables and cheese, and bake until set.","The user asked how to make a frittata."
"User: What is a microservice?\nAI: A microservice is a small, independent component of a larger application.","The user asked about microservices."
"User: Who was Harriet Tubman?\nAI: Harriet Tubman was an abolitionist who led enslaved people to freedom via the Underground Railroad.","The user asked about Harriet Tubman."
"User: What is a stalactite?\nAI: A stalactite is a mineral formation hanging from cave ceilings.","The user asked about stalactites."
"User: How do I improve my sleep quality?\nAI: Maintain a routine, avoid screens before bed, and create a dark room.","The user asked how to improve sleep quality."
"User: What is the Forbidden City?\nAI: The Forbidden City is a historic palace complex in Beijing, China.","The user asked about the Forbidden City."
"User: How do I make a wrap?\nAI: Spread fillings on a tortilla, add protein and veggies, and roll tightly.","The user asked how to make a wrap."
"User: What is Ansible?\nAI: Ansible is a tool for automating server configuration and management.","The user asked about Ansible."
"User: What was the Harlem Renaissance?\nAI: The Harlem Renaissance was a 1920s cultural movement celebrating African American art.","The user asked about the Harlem Renaissance."
"User: How do I clean a blender?\nAI: Blend water with soap, rinse thoroughly, and dry.","The user asked how to clean a blender."
"User: What is a magnetosphere?\nAI: A magnetosphere is a region around a planet influenced by its magnetic field.","The user asked about magnetospheres."
"User: How do I make a bookmark?\nAI: Cut cardstock, decorate with markers or stickers, and punch a hole for a ribbon.","The user asked how to make a bookmark."
"User: What is the Terracotta Army?\nAI: The Terracotta Army is a collection of ancient Chinese sculptures buried with Emperor Qin.","The user asked about the Terracotta Army."
"User: How do I make a taco?\nAI: Fill a tortilla with seasoned meat, lettuce, cheese, and salsa.","The user asked how to make a taco."
"User: What is a design pattern?\nAI: A design pattern is a reusable solution to common software engineering problems.","The user asked about design patterns."
"User: Who was Malala Yousafzai?\nAI: Malala Yousafzai is an activist for girls’ education and a Nobel Peace Prize winner.","The user asked about Malala Yousafzai."
"User: What is a wetland?\nAI: A wetland is an area saturated with water, supporting unique ecosystems.","The user asked about wetlands."
"User: How do I practice public speaking?\nAI: Rehearse speeches, record yourself, and join a group like Toastmasters.","The user asked how to practice public speaking."
"User: What is the Everglades?\nAI: The Everglades is a unique wetland ecosystem in Florida, known for its biodiversity.","The user asked about the Everglades."
"User: How do I make a parfait?\nAI: Layer yogurt, granola, and fruit in a glass for a healthy dessert.","The user asked how to make a parfait."
"User: What is a regex?\nAI: A regex is a pattern for matching and manipulating text strings.","The user asked about regular expressions."
"User: What was the Silk Route?\nAI: The Silk Route was an ancient trade network connecting Asia and Europe.","The user asked about the Silk Route."
"User: How do I clean jewelry?\nAI: Soak in warm water with mild soap, scrub gently, and dry with a soft cloth.","The user asked how to clean jewelry."
"User: What is a neurotransmitter?\nAI: A neurotransmitter is a chemical that transmits signals between neurons.","The user asked about neurotransmitters."
"User: How do I make a greeting card?\nAI: Fold cardstock, decorate with drawings or stickers, and write a message.","The user asked how to make a greeting card."
"User: What is the Giza Plateau?\nAI: The Giza Plateau is an Egyptian site home to the Great Pyramids and Sphinx.","The user asked about the Giza Plateau."
"User: How do I make a curry?\nAI: Sauté spices, add vegetables and protein, and simmer in coconut milk.","The user asked how to make a curry."
"User: What is OAuth?\nAI: OAuth is a protocol for secure authorization between applications.","The user asked about OAuth."
"User: Who was Toussaint Louverture?\nAI: Toussaint Louverture was a leader of the Haitian Revolution in the late 18th century.","The user asked about Toussaint Louverture."
"User: What is a savanna?\nAI: A savanna is a grassland ecosystem with scattered trees and warm climates.","The user asked about savannas."
"User: How do I improve my confidence?\nAI: Set small goals, practice self-affirmations, and face challenges gradually.","The user asked how to improve confidence."
"User: What is the Okavango Delta?\nAI: The Okavango Delta is a unique inland delta in Botswana, rich in wildlife.","The user asked about the Okavango Delta."
"User: How do I make a milk tea?\nAI: Brew tea, add milk and sweetener, and serve hot or iced.","The user asked how to make a milk tea."
"User: What is a neural network?\nAI: A neural network is a computational model inspired by the brain, used in AI.","The user asked about neural networks."
"User: What was the Gupta Empire?\nAI: The Gupta Empire was an ancient Indian empire known for its golden age of culture.","The user asked about the Gupta Empire."
"User: How do I clean a mirror?\nAI: Spray with glass cleaner and wipe with a lint-free cloth.","The user asked how to clean a mirror."
"User: What is a catalyst?\nAI: A catalyst is a substance that speeds up a chemical reaction without being consumed.","The user asked about catalysts."
"User: How do I make a kite?\nAI: Build a frame with sticks, attach paper or fabric, and add a string.","The user asked how to make a kite."
"User: What is the Borobudur?\nAI: Borobudur is a 9th-century Buddhist temple in Indonesia, known for its stupas.","The user asked about Borobudur."
"User: How do I make a salad?\nAI: Toss greens, vegetables, and protein with dressing in a bowl.","The user asked how to make a salad."
"User: What is a binary tree?\nAI: A binary tree is a data structure where each node has up to two children.","The user asked about binary trees."
"User: Who was Angela Davis?\nAI: Angela Davis is an activist and scholar known for her work in civil rights.","The user asked about Angela Davis."
"User: What is a fjord?\nAI: A fjord is a narrow inlet of the sea between cliffs, formed by glaciers.","The user asked about fjords."
"User: How do I improve my decision-making?\nAI: Weigh pros and cons, gather information, and trust your instincts.","The user asked how to improve decision-making."
"User: What is the Great Zimbabwe?\nAI: Great Zimbabwe is an ancient stone city in southern Africa, built by the Shona people.","The user asked about Great Zimbabwe."
